category,Instrument,Statut,Cours de référence,Ouverture,Dernier cours,Quantité échangée,Volume,Variation en %,+ haut jour,+ bas jour,Meilleur prix à l'achat,Meilleur prix à la vente,Quantité Meilleur prix à l'achat,Quantité Meilleur prix à la vente,Capitalisation,Nombre de transactions,date,time,timestamp_iso
Electricité,TAQA MOROCCO,T,"2 380,00","2 390,00","2 350,00",2 164,"5 099 264,00","-1,26 %","2 469,00","2 350,00","2 326,00","2 495,00",10,4,"55 433 073 700,00",46,2025-11-07,16:22:44,2025-11-07T16:22:44.687756+01:00
Services de transport,SODEP-Marsa Maroc,T,"990,00","994,90","979,90",12 662,"12 421 959,00","-1,02 %","994,90","979,90","979,00","985,00",12,69,"71 920 348 440,00",105,2025-11-07,16:22:44,2025-11-07T16:22:44.687756+01:00
Sociétés de placement immobilier,ARADEI CAPITAL,T,"460,00","460,00","460,00",118,"54 211,20","0,00 %","460,00","459,00","458,50","460,00",74,209,"5 781 339 800,00",18,2025-11-07,16:22:44,2025-11-07T16:22:44.687756+01:00
Sociétés de placement immobilier,BALIMA,T,"236,00","231,00","231,00",3,"693,00","-2,12 %","231,00","231,00","230,00","250,00",17,500,"402 864 000,00",2,2025-11-07,16:22:44,2025-11-07T16:22:44.687756+01:00
Sociétés de placement immobilier,IMMORENTE INVEST,T,"90,00","90,00","89,97",1 329,"119 593,95","-0,03 %","90,20","89,80","89,64","90,90",200,208,"810 359 790,00",31,2025-11-07,16:22:44,2025-11-07T16:22:44.687756+01:00
Agroalimentaire et Production,CARTIER SAADA,T,"38,55","38,00","38,78",152,"5 779,78","0,60 %","39,00","38,00","37,51","38,77",500,578,"204 176 700,00",12,2025-11-07,16:22:44,2025-11-07T16:22:44.687756+01:00
Agroalimentaire et Production,COSUMAR,T,"210,00","216,00","210,00",8 182,"1 723 156,70","0,00 %","216,00","210,00","207,80","214,80",10,170,"19 842 300 030,00",49,2025-11-07,16:22:44,2025-11-07T16:22:44.687756+01:00
Agroalimentaire et Production,DARI COUSPATE,N.T,"4 000,00",-,"4 000,00",-,-,"0,00 %",-,-,"3 760,00",-,2,-,"1 193 500 000,00",-,2025-11-07,16:22:44,2025-11-07T16:22:44.687756+01:00
Agroalimentaire et Production,LESIEUR CRISTAL,T,"295,00","290,00","295,00",230,"67 700,00","0,00 %","295,00","290,00","290,00","299,35",723,14,"8 151 295 450,00",2,2025-11-07,16:22:44,2025-11-07T16:22:44.687756+01:00
Agroalimentaire et Production,MUTANDIS SCA,T,"274,00","272,05","273,90",6 281,"1 698 229,85","-0,04 %","276,40","270,00","270,00","271,00",1 400,10,"2 532 681 264,30",118,2025-11-07,16:22:44,2025-11-07T16:22:44.687756+01:00
Agroalimentaire et Production,UNIMER,N.T,"160,00",-,"160,00",-,-,"0,00 %",-,-,"159,00","160,00",1,2 992,"1 826 220 800,00",-,2025-11-07,16:22:44,2025-11-07T16:22:44.687756+01:00
Assurances,AFMA,T,"1 290,00","1 335,00","1 335,00",50,"66 750,00","3,49 %","1 335,00","1 335,00","1 221,00","1 335,00",1,17,"1 335 000 000,00",2,2025-11-07,16:22:44,2025-11-07T16:22:44.687756+01:00
Assurances,AGMA,N.T,"6 600,00",-,"6 600,00",-,-,"0,00 %",-,-,"6 313,00","6 720,00",1,2,"1 320 000 000,00",-,2025-11-07,16:22:44,2025-11-07T16:22:44.687756+01:00
Assurances,ATLANTASANAD,T,"155,00","151,50","150,00",5 077,"761 685,00","-3,23 %","153,00","150,00","149,00","154,95",121,3,"9 042 539 250,00",41,2025-11-07,16:22:44,2025-11-07T16:22:44.687756+01:00
Assurances,SANLAM MAROC,T,"2 000,00","2 000,00","2 000,00",3,"6 000,00","0,00 %","2 000,00","2 000,00","1 922,00","1 999,00",2,2,"8 233 748 000,00",2,2025-11-07,16:22:44,2025-11-07T16:22:44.687756+01:00
Assurances,WAFA ASSURANCE,T,"5 195,00","5 195,00","5 195,00",150,"779 250,00","0,00 %","5 195,00","5 195,00","4 950,00","5 250,00",60,96,"18 182 500 000,00",3,2025-11-07,16:22:44,2025-11-07T16:22:44.687756+01:00
Bâtiment et Matériaux de Construction,AFRIC INDUSTRIES SA,T,"334,90","336,00","331,00",286,"94 792,00","-1,16 %","336,00","331,00","330,50","335,55",2,32,"96 486 500,00",14,2025-11-07,16:22:44,2025-11-07T16:22:44.687756+01:00
Bâtiment et Matériaux de Construction,ALUMINIUM DU MAROC,T,"1 870,00","1 823,00","1 867,00",7,"12 843,00","-0,16 %","1 867,00","1 820,00","1 820,00","1 869,00",1,1,"869 936 118,00",4,2025-11-07,16:22:44,2025-11-07T16:22:44.687756+01:00
Bâtiment et Matériaux de Construction,CIMENTS DU MAROC,T,"2 047,00","2 000,00","2 000,00",83,"166 000,00","-2,30 %","2 000,00","2 000,00","1 991,00","2 039,00",30,2,"28 872 008 000,00",4,2025-11-07,16:22:44,2025-11-07T16:22:44.687756+01:00
Bâtiment et Matériaux de Construction,COLORADO,T,"86,50","86,53","88,00",20 448,"1 775 806,04","1,73 %","89,00","86,00","86,00","88,96",45,125,"1 418 349 768,00",70,2025-11-07,16:22:44,2025-11-07T16:22:44.687756+01:00
Bâtiment et Matériaux de Construction,JET CONTRACTORS,T,"2 631,00","2 658,00","2 629,00",1 053,"2 759 840,00","-0,08 %","2 658,00","2 590,00","2 580,00","2 634,00",5,3,"7 964 613 338,00",40,2025-11-07,16:22:44,2025-11-07T16:22:44.687756+01:00
Bâtiment et Matériaux de Construction,LAFARGEHOLCIM MAROC,T,"1 964,00","1 959,00","1 933,00",2 855,"5 520 754,00","-1,58 %","1 959,00","1 933,00","1 932,00","1 960,00",5,15,"45 292 586 920,00",22,2025-11-07,16:22:44,2025-11-07T16:22:44.687756+01:00
Bâtiment et Matériaux de Construction,SONASID,T,"2 500,00","2 437,00","2 438,00",117,"285 610,00","-2,48 %","2 500,00","2 437,00","2 430,00","2 498,00",5,1,"9 508 200 000,00",19,2025-11-07,16:22:44,2025-11-07T16:22:44.687756+01:00
Bâtiment et Matériaux de Construction,TGCC S.A,T,"949,00","940,00","938,00",16 628,"15 624 442,80","-1,16 %","950,00","937,00","937,10","946,00",40,4,"32 524 523 416,00",268,2025-11-07,16:22:44,2025-11-07T16:22:44.687756+01:00
Banques,ATTIJARIWAFA BANK,T,"767,00","760,00","766,00",37 776,"29 029 808,80","-0,13 %","780,00","760,00","765,00","779,00",1 000,259,"164 797 882 674,00",143,2025-11-07,16:22:44,2025-11-07T16:22:44.687756+01:00
Banques,BANK OF AFRICA,T,"241,00","244,95","235,00",17 581,"4 148 962,10","-2,49 %","244,95","235,00","232,10","245,00",88,30,"51 766 242 035,00",60,2025-11-07,16:22:44,2025-11-07T16:22:44.687756+01:00
Banques,BCP,T,"309,00","309,95","309,00",13 183,"4 048 257,85","0,00 %","310,00","304,00","301,60","309,80",5,17,"62 823 554 157,00",55,2025-11-07,16:22:44,2025-11-07T16:22:44.687756+01:00
Banques,BMCI,T,"550,00","562,90","543,00",2 003,"1 087 688,70","-1,27 %","562,90","543,00","540,30","562,90",30,2,"7 210 652 298,00",3,2025-11-07,16:22:44,2025-11-07T16:22:44.687756+01:00
Banques,CDM,N.T,"1 025,00",-,"1 025,00",-,-,"0,00 %",-,-,"1 013,00","1 025,00",40,90,"11 153 244 350,00",-,2025-11-07,16:22:44,2025-11-07T16:22:44.687756+01:00
Banques,CFG BANK,T,"252,60","252,35","254,90",1 456,"368 913,60","0,91 %","255,00","252,35","252,45","255,00",150,80,"8 923 529 004,00",26,2025-11-07,16:22:44,2025-11-07T16:22:44.687756+01:00
Banques,CIH,T,"428,90","417,00","428,40",1 951,"825 488,70","-0,12 %","428,70","417,00","416,00","428,90",20,280,"15 253 449 321,60",21,2025-11-07,16:22:44,2025-11-07T16:22:44.687756+01:00
Boissons,OULMES,N.T,"1 175,00",-,"1 175,00",-,-,"0,00 %",-,-,"1 176,00","1 248,00",3,5,"2 326 500 000,00",-,2025-11-07,16:22:44,2025-11-07T16:22:44.687756+01:00
Boissons,SOCIETE DES BOISSONS DU MAROC,N.T,"2 298,00",-,"2 298,00",-,-,"0,00 %",-,-,"2 202,00","2 299,00",27,354,"6 502 542 594,00",-,2025-11-07,16:22:44,2025-11-07T16:22:44.687756+01:00
Chimie,MAGHREB OXYGENE,T,"401,00","405,00","405,00",1,"405,00","1,00 %","405,00","405,00","403,00","420,00",1,25,"329 062 500,00",1,2025-11-07,16:22:44,2025-11-07T16:22:44.687756+01:00
Chimie,SNEP,T,"540,00","538,00","540,00",202,"108 374,60","0,00 %","540,00","530,00","530,20","553,00",40,29,"1 296 000 000,00",19,2025-11-07,16:22:44,2025-11-07T16:22:44.687756+01:00
Distributeurs,AUTO HALL,T,"95,50","96,95","95,99",920,"88 393,19","0,51 %","96,96","95,50","95,50","96,95",19,30,"4 827 771 742,72",17,2025-11-07,16:22:44,2025-11-07T16:22:44.687756+01:00
Distributeurs,AUTO NEJMA,T,"4 600,00","4 875,00","4 875,00",1,"4 875,00","5,98 %","4 875,00","4 875,00","4 561,00",-,1,-,"4 988 412 000,00",1,2025-11-07,16:22:44,2025-11-07T16:22:44.687756+01:00
Distributeurs,ENNAKL,T,"59,25","60,00","59,50",12 877,"768 976,31","0,42 %","61,50","59,50","59,25","62,00",200,1 000,"1 785 000 000,00",73,2025-11-07,16:22:44,2025-11-07T16:22:44.687756+01:00
Distributeurs,FENIE BROSSETTE,T,"454,85","456,75","449,90",1 418,"634 312,05","-1,09 %","456,75","445,00","445,10","453,95",75,12,"647 398 901,60",76,2025-11-07,16:22:44,2025-11-07T16:22:44.687756+01:00
Distributeurs,LABEL VIE,T,"4 589,00","4 698,00","4 696,00",19,"89 106,00","2,33 %","4 698,00","4 562,00","4 566,00","4 694,00",1,10,"13 590 022 072,00",4,2025-11-07,16:22:44,2025-11-07T16:22:44.687756+01:00
Distributeurs,REALISATIONS MECANIQUES,N.T,"530,00",-,"530,00",-,-,"0,00 %",-,-,"507,10","530,00",200,5,"169 600 000,00",-,2025-11-07,16:22:44,2025-11-07T16:22:44.687756+01:00
Distributeurs,STOKVIS NORD AFRIQUE,T,"123,55","125,90","123,60",10 552,"1 306 969,65","0,04 %","125,95","123,00","123,50","126,00",50,335,"2 187 120 540,00",122,2025-11-07,16:22:44,2025-11-07T16:22:44.687756+01:00
Ingénieries et Biens d'Equipement Industriels,DELATTRE LEVIVIER MAROC,S,"40,00",-,"40,00",-,-,"0,00 %",-,-,-,-,-,-,"70 000 000,00",-,2025-11-07,16:22:44,2025-11-07T16:22:44.687756+01:00
Ingénieries et Biens d'Equipement Industriels,STROC INDUSTRIE,T,"330,00","333,00","332,90",1 337,"441 500,15","0,88 %","334,90","323,00","323,20","332,95",178,182,"415 630 643,50",73,2025-11-07,16:22:44,2025-11-07T16:22:44.687756+01:00
Participation et promotion immobilières,ALLIANCES,T,"603,20","610,00","618,10",78 488,"48 718 480,40","2,47 %","627,50","605,00","612,00","622,60",10,115,"13 646 775 242,80",589,2025-11-07,16:22:44,2025-11-07T16:22:44.687756+01:00
Participation et promotion immobilières,DOUJA PROM ADDOHA,T,"40,14","40,24","39,71",181 550,"7 226 824,10","-1,07 %","40,24","39,71","39,65","39,96",100,1 990,"15 985 310 296,34",141,2025-11-07,16:22:44,2025-11-07T16:22:44.687756+01:00
Participation et promotion immobilières,RESIDENCES DAR SAADA,T,"180,00","180,00","174,00",72 292,"12 695 885,15","-3,33 %","182,00","172,50","172,65","181,00",40,16,"4 560 339 900,00",483,2025-11-07,16:22:44,2025-11-07T16:22:44.687756+01:00
Loisirs et Hôtels,RISMA,T,"390,05","390,50","419,90",4 232,"1 770 606,50","7,65 %","419,90","390,20","390,40","419,90",26,95,"6 015 885 045,30",60,2025-11-07,16:22:44,2025-11-07T16:22:44.687756+01:00
Matériels Logiciels et Services Informatiques,DISTY TECHNOLOGIES,T,"377,00","370,05","375,00",82,"30 934,70","-0,53 %","386,00","370,05","370,80","385,95",5,4,"374 291 250,00",15,2025-11-07,16:22:44,2025-11-07T16:22:44.687756+01:00
Matériels Logiciels et Services Informatiques,DISWAY,T,"919,00","880,00","915,00",109,"96 238,70","-0,44 %","917,90","880,00","880,00","905,00",5,11,"1 725 472 230,00",13,2025-11-07,16:22:44,2025-11-07T16:22:44.687756+01:00
Matériels Logiciels et Services Informatiques,HPS,T,"542,00","529,00","545,00",15 203,"8 239 507,30","0,55 %","546,00","529,00","535,00","546,00",39,5,"4 036 373 550,00",56,2025-11-07,16:22:44,2025-11-07T16:22:44.687756+01:00
Matériels Logiciels et Services Informatiques,IB MAROC.COM,N.T,"80,00",-,"80,00",-,-,"0,00 %",-,-,"70,10","81,99",350,560,"33 398 880,00",-,2025-11-07,16:22:44,2025-11-07T16:22:44.687756+01:00
Matériels Logiciels et Services Informatiques,INVOLYS,T,"245,00","246,00","235,20",2 731,"646 616,40","-4,00 %","246,00","233,55","233,80","241,90",12,1,"90 014 803,20",33,2025-11-07,16:22:44,2025-11-07T16:22:44.687756+01:00
Matériels Logiciels et Services Informatiques,M2M Group,T,"477,00","477,10","477,10",5,"2 385,50","0,02 %","477,10","477,10","474,40","489,90",1,7,"309 054 406,70",1,2025-11-07,16:22:44,2025-11-07T16:22:44.687756+01:00
Matériels Logiciels et Services Informatiques,MICRODATA,T,"805,00","839,50","839,00",140,"117 547,60","4,22 %","840,10","839,00","801,50","839,00",2,7,"1 409 520 000,00",12,2025-11-07,16:22:44,2025-11-07T16:22:44.687756+01:00
Matériels Logiciels et Services Informatiques,S.M MONETIQUE,T,"625,00","628,90","610,00",521,"324 008,20","-2,40 %","629,00","610,00","599,10","610,00",10,436,"495 362 700,00",20,2025-11-07,16:22:44,2025-11-07T16:22:44.687756+01:00
Mines,MANAGEM,T,"6 200,00","6 235,00","6 200,00",1 015,"6 293 508,00","0,00 %","6 235,00","6 200,00","6 000,00","6 234,00",1,6,"73 560 991 200,00",9,2025-11-07,16:22:44,2025-11-07T16:22:44.687756+01:00
Mines,MINIERE TOUISSIT,T,"2 043,00","1 839,00","1 839,00",6 264,"11 519 496,00","-9,99 %","1 839,00","1 839,00","1 800,00","1 328,00",1,3,"3 091 787 487,00",83,2025-11-07,16:22:44,2025-11-07T16:22:44.687756+01:00
Mines,REBAB COMPANY,T,"107,85","110,00","110,00",61,"6 710,00","1,99 %","110,00","110,00","107,85","114,00",2,6,"19 410 160,00",6,2025-11-07,16:22:44,2025-11-07T16:22:44.687756+01:00
Mines,SMI,T,"2 599,00","2 600,00","2 561,00",145,"376 947,00","-1,46 %","2 648,00","2 561,00","2 561,00","2 600,00",2,6,"4 213 075 490,00",17,2025-11-07,16:22:44,2025-11-07T16:22:44.687756+01:00
Pétrole et Gaz,AFRIQUIA GAZ,T,"4 190,00","4 189,00","4 189,00",1,"4 189,00","-0,02 %","4 189,00","4 189,00","4 090,00","4 188,00",20,1,"14 399 687 500,00",1,2025-11-07,16:22:44,2025-11-07T16:22:44.687756+01:00
Pétrole et Gaz,SAMIR,S,"127,80",-,"127,80",-,-,"0,00 %",-,-,-,-,-,-,"1 520 777 187,00",-,2025-11-07,16:22:44,2025-11-07T16:22:44.687756+01:00
Pétrole et Gaz,TOTALENERGIES MARKETING MAROC,T,"1 850,00","1 851,00","1 850,00",1 004,"1 857 404,00","0,00 %","1 851,00","1 850,00","1 826,00","1 877,00",1,30,"16 576 000 000,00",4,2025-11-07,16:22:44,2025-11-07T16:22:44.687756+01:00
Industrie Pharmaceutique,PROMOPHARM S.A.,T,"1 425,00","1 380,00","1 380,00",1,"1 380,00","-3,16 %","1 380,00","1 380,00",-,"1 449,00",-,10,"1 380 000 000,00",1,2025-11-07,16:22:44,2025-11-07T16:22:44.687756+01:00
Industrie Pharmaceutique,SOTHEMA,T,"1 825,00","1 777,00","1 799,00",60,"108 062,00","-1,42 %","1 834,00","1 776,00","1 776,00","1 800,00",3,464,"12 952 800 000,00",8,2025-11-07,16:22:44,2025-11-07T16:22:44.687756+01:00
Sylviculture et Papier,MED PAPER,T,"30,60","31,80","30,26",2 711,"82 658,93","-1,11 %","31,80","30,20","30,23","31,90",140,150,"144 758 483,98",33,2025-11-07,16:22:44,2025-11-07T16:22:44.687756+01:00
Sociétés de financement et Autres Activités Financières,DIAC SALAF,S,"26,25",-,"26,25",-,-,"0,00 %",-,-,-,-,-,-,"27 651 855,00",-,2025-11-07,16:22:44,2025-11-07T16:22:44.687756+01:00
Sociétés de financement et Autres Activités Financières,EQDOM,T,"1 250,00","1 246,00","1 280,00",6,"7 386,00","2,40 %","1 280,00","1 215,00","1 215,00","1 289,00",26,500,"2 137 920 000,00",3,2025-11-07,16:22:44,2025-11-07T16:22:44.687756+01:00
Sociétés de financement et Autres Activités Financières,MAGHREBAIL,N.T,"945,00",-,"945,00",-,-,"0,00 %",-,-,"916,10","949,90",10,3,"1 308 051 990,00",-,2025-11-07,16:22:44,2025-11-07T16:22:44.687756+01:00
Sociétés de financement et Autres Activités Financières,MAROC LEASING,T,"382,00","360,15","360,15",8,"2 881,20","-5,72 %","360,15","360,15","357,05","382,00",30,7,"1 000 052 995,20",1,2025-11-07,16:22:44,2025-11-07T16:22:44.687756+01:00
Sociétés de financement et Autres Activités Financières,SALAFIN,T,"599,00","575,00","575,00",1 949,"1 120 675,00","-4,01 %","575,00","575,00","571,20","623,00",40,18,"1 796 368 425,00",18,2025-11-07,16:22:44,2025-11-07T16:22:44.687756+01:00
Sociétés de Portefeuilles / Holdings,DELTA HOLDING,T,"79,94","79,00","78,20",11 602,"912 032,97","-2,18 %","80,20","78,20","78,01","80,50",100,2,"6 850 320 000,00",89,2025-11-07,16:22:44,2025-11-07T16:22:44.687756+01:00
Sociétés de Portefeuilles / Holdings,ZELLIDJA S.A,N.T,"214,00",-,"214,00",-,-,"0,00 %",-,-,"210,00","263,00",50,10,"122 589 686,00",-,2025-11-07,16:22:44,2025-11-07T16:22:44.687756+01:00
Télécommunications,ITISSALAT AL-MAGHRIB,T,"117,60","118,00","115,95",132 436,"15 427 130,40","-1,40 %","118,00","115,95","115,40","119,00",30,500,"101 931 104 673,00",324,2025-11-07,16:22:44,2025-11-07T16:22:44.687756+01:00
Transport,CTM,T,"903,00","901,20","918,00",100,"90 222,10","1,66 %","919,00","900,00","900,00","924,00",2,40,"1 125 447 804,00",15,2025-11-07,16:22:44,2025-11-07T16:22:44.687756+01:00
Santé,AKDITAL,T,"1 411,00","1 415,00","1 390,00",8 282,"11 590 310,00","-1,49 %","1 427,00","1 390,00","1 385,00","1 406,00",10,5,"19 681 297 730,00",258,2025-11-07,16:22:44,2025-11-07T16:22:44.687756+01:00
Santé,VICENNE,T,"509,70","510,00","498,00",10 907,"5 476 135,50","-2,30 %","510,00","498,00","497,50","508,00",37,39,"5 108 907 300,00",309,2025-11-07,16:22:44,2025-11-07T16:22:44.687756+01:00
Industrie Agricole,CMGP GROUP,T,"378,90","375,20","375,00",2 935,"1 102 750,40","-1,03 %","378,90","375,00","374,20","375,00",70,486,"6 375 337 500,00",107,2025-11-07,16:22:44,2025-11-07T16:22:44.687756+01:00
Electricité,TAQA MOROCCO,T,"2 380,00","2 390,00","2 350,00",2 164,"5 099 264,00","-1,26 %","2 469,00","2 350,00","2 326,00","2 495,00",10,4,"55 433 073 700,00",46,2025-11-07,16:44:31,2025-11-07T16:44:31.969406+01:00
Services de transport,SODEP-Marsa Maroc,T,"990,00","994,90","979,90",12 662,"12 421 959,00","-1,02 %","994,90","979,90","979,00","985,00",12,69,"71 920 348 440,00",105,2025-11-07,16:44:31,2025-11-07T16:44:31.969406+01:00
Sociétés de placement immobilier,ARADEI CAPITAL,T,"460,00","460,00","460,00",118,"54 211,20","0,00 %","460,00","459,00","458,50","460,00",74,209,"5 781 339 800,00",18,2025-11-07,16:44:31,2025-11-07T16:44:31.969406+01:00
Sociétés de placement immobilier,BALIMA,T,"236,00","231,00","231,00",3,"693,00","-2,12 %","231,00","231,00","230,00","250,00",17,500,"402 864 000,00",2,2025-11-07,16:44:31,2025-11-07T16:44:31.969406+01:00
Sociétés de placement immobilier,IMMORENTE INVEST,T,"90,00","90,00","89,97",1 329,"119 593,95","-0,03 %","90,20","89,80","89,64","90,90",200,208,"810 359 790,00",31,2025-11-07,16:44:31,2025-11-07T16:44:31.969406+01:00
Agroalimentaire et Production,CARTIER SAADA,T,"38,55","38,00","38,78",152,"5 779,78","0,60 %","39,00","38,00","37,51","38,77",500,578,"204 176 700,00",12,2025-11-07,16:44:31,2025-11-07T16:44:31.969406+01:00
Agroalimentaire et Production,COSUMAR,T,"210,00","216,00","210,00",8 182,"1 723 156,70","0,00 %","216,00","210,00","207,80","214,80",10,170,"19 842 300 030,00",49,2025-11-07,16:44:31,2025-11-07T16:44:31.969406+01:00
Agroalimentaire et Production,DARI COUSPATE,N.T,"4 000,00",-,"4 000,00",-,-,"0,00 %",-,-,"3 760,00",-,2,-,"1 193 500 000,00",-,2025-11-07,16:44:31,2025-11-07T16:44:31.969406+01:00
Agroalimentaire et Production,LESIEUR CRISTAL,T,"295,00","290,00","295,00",230,"67 700,00","0,00 %","295,00","290,00","290,00","299,35",723,14,"8 151 295 450,00",2,2025-11-07,16:44:31,2025-11-07T16:44:31.969406+01:00
Agroalimentaire et Production,MUTANDIS SCA,T,"274,00","272,05","273,90",6 281,"1 698 229,85","-0,04 %","276,40","270,00","270,00","271,00",1 400,10,"2 532 681 264,30",118,2025-11-07,16:44:31,2025-11-07T16:44:31.969406+01:00
Agroalimentaire et Production,UNIMER,N.T,"160,00",-,"160,00",-,-,"0,00 %",-,-,"159,00","160,00",1,2 992,"1 826 220 800,00",-,2025-11-07,16:44:31,2025-11-07T16:44:31.969406+01:00
Assurances,AFMA,T,"1 290,00","1 335,00","1 335,00",50,"66 750,00","3,49 %","1 335,00","1 335,00","1 221,00","1 335,00",1,17,"1 335 000 000,00",2,2025-11-07,16:44:31,2025-11-07T16:44:31.969406+01:00
Assurances,AGMA,N.T,"6 600,00",-,"6 600,00",-,-,"0,00 %",-,-,"6 313,00","6 720,00",1,2,"1 320 000 000,00",-,2025-11-07,16:44:31,2025-11-07T16:44:31.969406+01:00
Assurances,ATLANTASANAD,T,"155,00","151,50","150,00",5 077,"761 685,00","-3,23 %","153,00","150,00","149,00","154,95",121,3,"9 042 539 250,00",41,2025-11-07,16:44:31,2025-11-07T16:44:31.969406+01:00
Assurances,SANLAM MAROC,T,"2 000,00","2 000,00","2 000,00",3,"6 000,00","0,00 %","2 000,00","2 000,00","1 922,00","1 999,00",2,2,"8 233 748 000,00",2,2025-11-07,16:44:31,2025-11-07T16:44:31.969406+01:00
Assurances,WAFA ASSURANCE,T,"5 195,00","5 195,00","5 195,00",150,"779 250,00","0,00 %","5 195,00","5 195,00","4 950,00","5 250,00",60,96,"18 182 500 000,00",3,2025-11-07,16:44:31,2025-11-07T16:44:31.969406+01:00
Bâtiment et Matériaux de Construction,AFRIC INDUSTRIES SA,T,"334,90","336,00","331,00",286,"94 792,00","-1,16 %","336,00","331,00","330,50","335,55",2,32,"96 486 500,00",14,2025-11-07,16:44:31,2025-11-07T16:44:31.969406+01:00
Bâtiment et Matériaux de Construction,ALUMINIUM DU MAROC,T,"1 870,00","1 823,00","1 867,00",7,"12 843,00","-0,16 %","1 867,00","1 820,00","1 820,00","1 869,00",1,1,"869 936 118,00",4,2025-11-07,16:44:31,2025-11-07T16:44:31.969406+01:00
Bâtiment et Matériaux de Construction,CIMENTS DU MAROC,T,"2 047,00","2 000,00","2 000,00",83,"166 000,00","-2,30 %","2 000,00","2 000,00","1 991,00","2 039,00",30,2,"28 872 008 000,00",4,2025-11-07,16:44:31,2025-11-07T16:44:31.969406+01:00
Bâtiment et Matériaux de Construction,COLORADO,T,"86,50","86,53","88,00",20 448,"1 775 806,04","1,73 %","89,00","86,00","86,00","88,96",45,125,"1 418 349 768,00",70,2025-11-07,16:44:31,2025-11-07T16:44:31.969406+01:00
Bâtiment et Matériaux de Construction,JET CONTRACTORS,T,"2 631,00","2 658,00","2 629,00",1 053,"2 759 840,00","-0,08 %","2 658,00","2 590,00","2 580,00","2 634,00",5,3,"7 964 613 338,00",40,2025-11-07,16:44:31,2025-11-07T16:44:31.969406+01:00
Bâtiment et Matériaux de Construction,LAFARGEHOLCIM MAROC,T,"1 964,00","1 959,00","1 933,00",2 855,"5 520 754,00","-1,58 %","1 959,00","1 933,00","1 932,00","1 960,00",5,15,"45 292 586 920,00",22,2025-11-07,16:44:31,2025-11-07T16:44:31.969406+01:00
Bâtiment et Matériaux de Construction,SONASID,T,"2 500,00","2 437,00","2 438,00",117,"285 610,00","-2,48 %","2 500,00","2 437,00","2 430,00","2 498,00",5,1,"9 508 200 000,00",19,2025-11-07,16:44:31,2025-11-07T16:44:31.969406+01:00
Bâtiment et Matériaux de Construction,TGCC S.A,T,"949,00","940,00","938,00",16 628,"15 624 442,80","-1,16 %","950,00","937,00","937,10","946,00",40,4,"32 524 523 416,00",268,2025-11-07,16:44:31,2025-11-07T16:44:31.969406+01:00
Banques,ATTIJARIWAFA BANK,T,"767,00","760,00","766,00",37 776,"29 029 808,80","-0,13 %","780,00","760,00","765,00","779,00",1 000,259,"164 797 882 674,00",143,2025-11-07,16:44:31,2025-11-07T16:44:31.969406+01:00
Banques,BANK OF AFRICA,T,"241,00","244,95","235,00",17 581,"4 148 962,10","-2,49 %","244,95","235,00","232,10","245,00",88,30,"51 766 242 035,00",60,2025-11-07,16:44:31,2025-11-07T16:44:31.969406+01:00
Banques,BCP,T,"309,00","309,95","309,00",13 183,"4 048 257,85","0,00 %","310,00","304,00","301,60","309,80",5,17,"62 823 554 157,00",55,2025-11-07,16:44:31,2025-11-07T16:44:31.969406+01:00
Banques,BMCI,T,"550,00","562,90","543,00",2 003,"1 087 688,70","-1,27 %","562,90","543,00","540,30","562,90",30,2,"7 210 652 298,00",3,2025-11-07,16:44:31,2025-11-07T16:44:31.969406+01:00
Banques,CDM,N.T,"1 025,00",-,"1 025,00",-,-,"0,00 %",-,-,"1 013,00","1 025,00",40,90,"11 153 244 350,00",-,2025-11-07,16:44:31,2025-11-07T16:44:31.969406+01:00
Banques,CFG BANK,T,"252,60","252,35","254,90",1 456,"368 913,60","0,91 %","255,00","252,35","252,45","255,00",150,80,"8 923 529 004,00",26,2025-11-07,16:44:31,2025-11-07T16:44:31.969406+01:00
Banques,CIH,T,"428,90","417,00","428,40",1 951,"825 488,70","-0,12 %","428,70","417,00","416,00","428,90",20,280,"15 253 449 321,60",21,2025-11-07,16:44:31,2025-11-07T16:44:31.969406+01:00
Boissons,OULMES,N.T,"1 175,00",-,"1 175,00",-,-,"0,00 %",-,-,"1 176,00","1 248,00",3,5,"2 326 500 000,00",-,2025-11-07,16:44:31,2025-11-07T16:44:31.969406+01:00
Boissons,SOCIETE DES BOISSONS DU MAROC,N.T,"2 298,00",-,"2 298,00",-,-,"0,00 %",-,-,"2 202,00","2 299,00",27,354,"6 502 542 594,00",-,2025-11-07,16:44:31,2025-11-07T16:44:31.969406+01:00
Chimie,MAGHREB OXYGENE,T,"401,00","405,00","405,00",1,"405,00","1,00 %","405,00","405,00","403,00","420,00",1,25,"329 062 500,00",1,2025-11-07,16:44:31,2025-11-07T16:44:31.969406+01:00
Chimie,SNEP,T,"540,00","538,00","540,00",202,"108 374,60","0,00 %","540,00","530,00","530,20","553,00",40,29,"1 296 000 000,00",19,2025-11-07,16:44:31,2025-11-07T16:44:31.969406+01:00
Distributeurs,AUTO HALL,T,"95,50","96,95","95,99",920,"88 393,19","0,51 %","96,96","95,50","95,50","96,95",19,30,"4 827 771 742,72",17,2025-11-07,16:44:31,2025-11-07T16:44:31.969406+01:00
Distributeurs,AUTO NEJMA,T,"4 600,00","4 875,00","4 875,00",1,"4 875,00","5,98 %","4 875,00","4 875,00","4 561,00",-,1,-,"4 988 412 000,00",1,2025-11-07,16:44:31,2025-11-07T16:44:31.969406+01:00
Distributeurs,ENNAKL,T,"59,25","60,00","59,50",12 877,"768 976,31","0,42 %","61,50","59,50","59,25","62,00",200,1 000,"1 785 000 000,00",73,2025-11-07,16:44:31,2025-11-07T16:44:31.969406+01:00
Distributeurs,FENIE BROSSETTE,T,"454,85","456,75","449,90",1 418,"634 312,05","-1,09 %","456,75","445,00","445,10","453,95",75,12,"647 398 901,60",76,2025-11-07,16:44:31,2025-11-07T16:44:31.969406+01:00
Distributeurs,LABEL VIE,T,"4 589,00","4 698,00","4 696,00",19,"89 106,00","2,33 %","4 698,00","4 562,00","4 566,00","4 694,00",1,10,"13 590 022 072,00",4,2025-11-07,16:44:31,2025-11-07T16:44:31.969406+01:00
Distributeurs,REALISATIONS MECANIQUES,N.T,"530,00",-,"530,00",-,-,"0,00 %",-,-,"507,10","530,00",200,5,"169 600 000,00",-,2025-11-07,16:44:31,2025-11-07T16:44:31.969406+01:00
Distributeurs,STOKVIS NORD AFRIQUE,T,"123,55","125,90","123,60",10 552,"1 306 969,65","0,04 %","125,95","123,00","123,50","126,00",50,335,"2 187 120 540,00",122,2025-11-07,16:44:31,2025-11-07T16:44:31.969406+01:00
Ingénieries et Biens d'Equipement Industriels,DELATTRE LEVIVIER MAROC,S,"40,00",-,"40,00",-,-,"0,00 %",-,-,-,-,-,-,"70 000 000,00",-,2025-11-07,16:44:31,2025-11-07T16:44:31.969406+01:00
Ingénieries et Biens d'Equipement Industriels,STROC INDUSTRIE,T,"330,00","333,00","332,90",1 337,"441 500,15","0,88 %","334,90","323,00","323,20","332,95",178,182,"415 630 643,50",73,2025-11-07,16:44:31,2025-11-07T16:44:31.969406+01:00
Participation et promotion immobilières,ALLIANCES,T,"603,20","610,00","618,10",78 488,"48 718 480,40","2,47 %","627,50","605,00","612,00","622,60",10,115,"13 646 775 242,80",589,2025-11-07,16:44:31,2025-11-07T16:44:31.969406+01:00
Participation et promotion immobilières,DOUJA PROM ADDOHA,T,"40,14","40,24","39,71",181 550,"7 226 824,10","-1,07 %","40,24","39,71","39,65","39,96",100,1 990,"15 985 310 296,34",141,2025-11-07,16:44:31,2025-11-07T16:44:31.969406+01:00
Participation et promotion immobilières,RESIDENCES DAR SAADA,T,"180,00","180,00","174,00",72 292,"12 695 885,15","-3,33 %","182,00","172,50","172,65","181,00",40,16,"4 560 339 900,00",483,2025-11-07,16:44:31,2025-11-07T16:44:31.969406+01:00
Loisirs et Hôtels,RISMA,T,"390,05","390,50","419,90",4 232,"1 770 606,50","7,65 %","419,90","390,20","390,40","419,90",26,95,"6 015 885 045,30",60,2025-11-07,16:44:31,2025-11-07T16:44:31.969406+01:00
Matériels Logiciels et Services Informatiques,DISTY TECHNOLOGIES,T,"377,00","370,05","375,00",82,"30 934,70","-0,53 %","386,00","370,05","370,80","385,95",5,4,"374 291 250,00",15,2025-11-07,16:44:31,2025-11-07T16:44:31.969406+01:00
Matériels Logiciels et Services Informatiques,DISWAY,T,"919,00","880,00","915,00",109,"96 238,70","-0,44 %","917,90","880,00","880,00","905,00",5,11,"1 725 472 230,00",13,2025-11-07,16:44:31,2025-11-07T16:44:31.969406+01:00
Matériels Logiciels et Services Informatiques,HPS,T,"542,00","529,00","545,00",15 203,"8 239 507,30","0,55 %","546,00","529,00","535,00","546,00",39,5,"4 036 373 550,00",56,2025-11-07,16:44:31,2025-11-07T16:44:31.969406+01:00
Matériels Logiciels et Services Informatiques,IB MAROC.COM,N.T,"80,00",-,"80,00",-,-,"0,00 %",-,-,"70,10","81,99",350,560,"33 398 880,00",-,2025-11-07,16:44:31,2025-11-07T16:44:31.969406+01:00
Matériels Logiciels et Services Informatiques,INVOLYS,T,"245,00","246,00","235,20",2 731,"646 616,40","-4,00 %","246,00","233,55","233,80","241,90",12,1,"90 014 803,20",33,2025-11-07,16:44:31,2025-11-07T16:44:31.969406+01:00
Matériels Logiciels et Services Informatiques,M2M Group,T,"477,00","477,10","477,10",5,"2 385,50","0,02 %","477,10","477,10","474,40","489,90",1,7,"309 054 406,70",1,2025-11-07,16:44:31,2025-11-07T16:44:31.969406+01:00
Matériels Logiciels et Services Informatiques,MICRODATA,T,"805,00","839,50","839,00",140,"117 547,60","4,22 %","840,10","839,00","801,50","839,00",2,7,"1 409 520 000,00",12,2025-11-07,16:44:31,2025-11-07T16:44:31.969406+01:00
Matériels Logiciels et Services Informatiques,S.M MONETIQUE,T,"625,00","628,90","610,00",521,"324 008,20","-2,40 %","629,00","610,00","599,10","610,00",10,436,"495 362 700,00",20,2025-11-07,16:44:31,2025-11-07T16:44:31.969406+01:00
Mines,MANAGEM,T,"6 200,00","6 235,00","6 200,00",1 015,"6 293 508,00","0,00 %","6 235,00","6 200,00","6 000,00","6 234,00",1,6,"73 560 991 200,00",9,2025-11-07,16:44:31,2025-11-07T16:44:31.969406+01:00
Mines,MINIERE TOUISSIT,T,"2 043,00","1 839,00","1 839,00",6 264,"11 519 496,00","-9,99 %","1 839,00","1 839,00","1 800,00","1 328,00",1,3,"3 091 787 487,00",83,2025-11-07,16:44:31,2025-11-07T16:44:31.969406+01:00
Mines,REBAB COMPANY,T,"107,85","110,00","110,00",61,"6 710,00","1,99 %","110,00","110,00","107,85","114,00",2,6,"19 410 160,00",6,2025-11-07,16:44:31,2025-11-07T16:44:31.969406+01:00
Mines,SMI,T,"2 599,00","2 600,00","2 561,00",145,"376 947,00","-1,46 %","2 648,00","2 561,00","2 561,00","2 600,00",2,6,"4 213 075 490,00",17,2025-11-07,16:44:31,2025-11-07T16:44:31.969406+01:00
Pétrole et Gaz,AFRIQUIA GAZ,T,"4 190,00","4 189,00","4 189,00",1,"4 189,00","-0,02 %","4 189,00","4 189,00","4 090,00","4 188,00",20,1,"14 399 687 500,00",1,2025-11-07,16:44:31,2025-11-07T16:44:31.969406+01:00
Pétrole et Gaz,SAMIR,S,"127,80",-,"127,80",-,-,"0,00 %",-,-,-,-,-,-,"1 520 777 187,00",-,2025-11-07,16:44:31,2025-11-07T16:44:31.969406+01:00
Pétrole et Gaz,TOTALENERGIES MARKETING MAROC,T,"1 850,00","1 851,00","1 850,00",1 004,"1 857 404,00","0,00 %","1 851,00","1 850,00","1 826,00","1 877,00",1,30,"16 576 000 000,00",4,2025-11-07,16:44:31,2025-11-07T16:44:31.969406+01:00
Industrie Pharmaceutique,PROMOPHARM S.A.,T,"1 425,00","1 380,00","1 380,00",1,"1 380,00","-3,16 %","1 380,00","1 380,00",-,"1 449,00",-,10,"1 380 000 000,00",1,2025-11-07,16:44:31,2025-11-07T16:44:31.969406+01:00
Industrie Pharmaceutique,SOTHEMA,T,"1 825,00","1 777,00","1 799,00",60,"108 062,00","-1,42 %","1 834,00","1 776,00","1 776,00","1 800,00",3,464,"12 952 800 000,00",8,2025-11-07,16:44:31,2025-11-07T16:44:31.969406+01:00
Sylviculture et Papier,MED PAPER,T,"30,60","31,80","30,26",2 711,"82 658,93","-1,11 %","31,80","30,20","30,23","31,90",140,150,"144 758 483,98",33,2025-11-07,16:44:31,2025-11-07T16:44:31.969406+01:00
Sociétés de financement et Autres Activités Financières,DIAC SALAF,S,"26,25",-,"26,25",-,-,"0,00 %",-,-,-,-,-,-,"27 651 855,00",-,2025-11-07,16:44:31,2025-11-07T16:44:31.969406+01:00
Sociétés de financement et Autres Activités Financières,EQDOM,T,"1 250,00","1 246,00","1 280,00",6,"7 386,00","2,40 %","1 280,00","1 215,00","1 215,00","1 289,00",26,500,"2 137 920 000,00",3,2025-11-07,16:44:31,2025-11-07T16:44:31.969406+01:00
Sociétés de financement et Autres Activités Financières,MAGHREBAIL,N.T,"945,00",-,"945,00",-,-,"0,00 %",-,-,"916,10","949,90",10,3,"1 308 051 990,00",-,2025-11-07,16:44:31,2025-11-07T16:44:31.969406+01:00
Sociétés de financement et Autres Activités Financières,MAROC LEASING,T,"382,00","360,15","360,15",8,"2 881,20","-5,72 %","360,15","360,15","357,05","382,00",30,7,"1 000 052 995,20",1,2025-11-07,16:44:31,2025-11-07T16:44:31.969406+01:00
Sociétés de financement et Autres Activités Financières,SALAFIN,T,"599,00","575,00","575,00",1 949,"1 120 675,00","-4,01 %","575,00","575,00","571,20","623,00",40,18,"1 796 368 425,00",18,2025-11-07,16:44:31,2025-11-07T16:44:31.969406+01:00
Sociétés de Portefeuilles / Holdings,DELTA HOLDING,T,"79,94","79,00","78,20",11 602,"912 032,97","-2,18 %","80,20","78,20","78,01","80,50",100,2,"6 850 320 000,00",89,2025-11-07,16:44:31,2025-11-07T16:44:31.969406+01:00
Sociétés de Portefeuilles / Holdings,ZELLIDJA S.A,N.T,"214,00",-,"214,00",-,-,"0,00 %",-,-,"210,00","263,00",50,10,"122 589 686,00",-,2025-11-07,16:44:31,2025-11-07T16:44:31.969406+01:00
Télécommunications,ITISSALAT AL-MAGHRIB,T,"117,60","118,00","115,95",132 436,"15 427 130,40","-1,40 %","118,00","115,95","115,40","119,00",30,500,"101 931 104 673,00",324,2025-11-07,16:44:31,2025-11-07T16:44:31.969406+01:00
Transport,CTM,T,"903,00","901,20","918,00",100,"90 222,10","1,66 %","919,00","900,00","900,00","924,00",2,40,"1 125 447 804,00",15,2025-11-07,16:44:31,2025-11-07T16:44:31.969406+01:00
Santé,AKDITAL,T,"1 411,00","1 415,00","1 390,00",8 282,"11 590 310,00","-1,49 %","1 427,00","1 390,00","1 385,00","1 406,00",10,5,"19 681 297 730,00",258,2025-11-07,16:44:31,2025-11-07T16:44:31.969406+01:00
Santé,VICENNE,T,"509,70","510,00","498,00",10 907,"5 476 135,50","-2,30 %","510,00","498,00","497,50","508,00",37,39,"5 108 907 300,00",309,2025-11-07,16:44:31,2025-11-07T16:44:31.969406+01:00
Industrie Agricole,CMGP GROUP,T,"378,90","375,20","375,00",2 935,"1 102 750,40","-1,03 %","378,90","375,00","374,20","375,00",70,486,"6 375 337 500,00",107,2025-11-07,16:44:31,2025-11-07T16:44:31.969406+01:00
